[{"id": "12326", "name": "Peltula euploca", "supercategory": "fungi"}, {"id": "14148", "name": "Thamnolia subuliformis", "supercategory": "fungi"}, {"id": "1441", "name": "Amanita volvata", "supercategory": "fungi"}, {"id": "16580", "name": "Russula modesta", "supercategory": "fungi"}, {"id": "22144", "name": "Ductifera pululahuana", "supercategory": "fungi"}, {"id": "25348", "name": "Hypocreopsis rhododendri", "supercategory": "fungi"}, {"id": "25795", "name": "Auriscalpium andinum", "supercategory": "fungi"}, {"id": "2599", "name": "Hygrophorus persoonii", "supercategory": "fungi"}, {"id": "2834", "name": "Lentinellus cochleatus", "supercategory": "fungi"}, {"id": "30862", "name": "Colpoma crispum", "supercategory": "fungi"}, {"id": "31801", "name": "Tuber oligospermum", "supercategory": "fungi"}, {"id": "3983", "name": "Leptoporus mollis", "supercategory": "fungi"}, {"id": "50679", "name": "Ganoderma testaceum", "supercategory": "fungi"}, {"id": "58599", "name": "Phaeotremella foliacea", "supercategory": "fungi"}, {"id": "63199", "name": "Lachnellula calyciformis", "supercategory": "fungi"}, {"id": "7608", "name": "Biatora chrysantha", "supercategory": "fungi"}, {"id": "90629", "name": "Pholiota chocenensis", "supercategory": "fungi"}, {"id": "9824", "name": "Hypogymnia duplicata", "supercategory": "fungi"}, {"id": "10974", "name": "Leptogium corticola", "supercategory": "fungi"}, {"id": "11460", "name": "Muellerella lichenicola", "supercategory": "fungi"}, {"id": "1461", "name": "Armillaria tabescens", "supercategory": "fungi"}, {"id": "16010", "name": "Flammulaster muricatus", "supercategory": "fungi"}, {"id": "16332", "name": "Gamundia striatula", "supercategory": "fungi"}, {"id": "19311", "name": "Chlorosplenium chlora", "supercategory": "fungi"}, {"id": "20614", "name": "Ascocoryne cylichnium", "supercategory": "fungi"}, {"id": "23942", "name": "Pholiota tuberculosa", "supercategory": "fungi"}, {"id": "24736", "name": "Rhizomarasmius pyrrhocephalus", "supercategory": "fungi"}, {"id": "29708", "name": "Exidiopsis calcea", "supercategory": "fungi"}, {"id": "3394", "name": "Pluteus longistriatus", "supercategory": "fungi"}, {"id": "393", "name": "Agaricus hondensis", "supercategory": "fungi"}, {"id": "43796", "name": "Bisporella resinicola", "supercategory": "fungi"}, {"id": "44605", "name": "Lobariella reticulata", "supercategory": "fungi"}, {"id": "59506", "name": "Butyriboletus floridanus", "supercategory": "fungi"}, {"id": "64461", "name": "Cortinarius burlinghamiae", "supercategory": "fungi"}, {"id": "794", "name": "Gloeophyllum", "supercategory": "fungi"}, {"id": "9840", "name": "Hypogymnia schizidiata", "supercategory": "fungi"}]